{
	"HattrickData": {
		"Cups": [
			{
				"CupID": "4892549",
				"CupTeams": ""
			},
			{
				"CupID": "4878483",
				"CupTeams": ""
			},
			{
				"CupID": "4878490",
				"CupTeams": ""
			},
			{
				"CupID": "4878492",
				"CupTeams": ""
			},
			{
				"CupID": "4878493",
				"CupTeams": ""
			},
			{
				"CupID": "4892615",
				"CupTeams": ""
			},
			{
				"CupID": "4891573",
				"CupTeams": ""
			},
			{
				"CupID": "4894807",
				"CupTeams": ""
			},
			{
				"CupID": "6260697",
				"CupTeams": ""
			}
		],
		"FetchedDate": "2025-05-09 21:26:04",
		"FileName": "nationalTeams.xml",
		"LeagueOfficeTypeID": "2",
		"NationalTeams": [
			{
				"Dress": "N010301",
				"LeagueId": "46",
				"NationalTeamID": "3038",
				"NationalTeamName": "Schweiz",
				"RatingScores": "12276"
			},
			{
				"Dress": "N010301",
				"LeagueId": "39",
				"NationalTeamID": "3039",
				"NationalTeamName": "Österreich",
				"RatingScores": "12334"
			},
			{
				"Dress": "G010101",
				"LeagueId": "32",
				"NationalTeamID": "3033",
				"NationalTeamName": "Türkiye",
				"RatingScores": "18412"
			},
			{
				"Dress": "N052004",
				"LeagueId": "142",
				"NationalTeamID": "3247",
				"NationalTeamName": "Tanzania",
				"RatingScores": "17352"
			},
			{
				"Dress": "N211616",
				"LeagueId": "1",
				"NationalTeamID": "3000",
				"NationalTeamName": "Sverige",
				"RatingScores": "8430"
			},
			{
				"Dress": "N160301",
				"LeagueId": "5",
				"NationalTeamID": "3004",
				"NationalTeamName": "France",
				"RatingScores": "12392"
			},
			{
				"Dress": "B030303",
				"LeagueId": "85",
				"NationalTeamID": "3150",
				"NationalTeamName": "Iran",
				"RatingScores": "15081"
			},
			{
				"Dress": "E160316",
				"LeagueId": "50",
				"NationalTeamID": "3089",
				"NationalTeamName": "Hellas",
				"RatingScores": "7031"
			},
			{
				"Dress": "N050305",
				"LeagueId": "4",
				"NationalTeamID": "3003",
				"NationalTeamName": "Italia",
				"RatingScores": "15651"
			},
			{
				"Dress": "N050503",
				"LeagueId": "67",
				"NationalTeamID": "3116",
				"NationalTeamName": "Slovensko",
				"RatingScores": "21818"
			},
			{
				"Dress": "N030403",
				"LeagueId": "3",
				"NationalTeamID": "3002",
				"NationalTeamName": "Deutschland",
				"RatingScores": "18423"
			},
			{
				"Dress": "N030503",
				"LeagueId": "12",
				"NationalTeamID": "3023",
				"NationalTeamName": "Suomi",
				"RatingScores": "22008"
			},
			{
				"Dress": "N020102",
				"LeagueId": "132",
				"NationalTeamID": "3224",
				"NationalTeamName": "Bangladesh",
				"RatingScores": "6126"
			},
			{
				"Dress": "N010101",
				"LeagueId": "17",
				"NationalTeamID": "3010",
				"NationalTeamName": "Canada",
				"RatingScores": "18998"
			},
			{
				"Dress": "N080308",
				"LeagueId": "14",
				"NationalTeamID": "3025",
				"NationalTeamName": "Nederland",
				"RatingScores": "23200"
			},
			{
				"Dress": "N040404",
				"LeagueId": "103",
				"NationalTeamID": "3176",
				"NationalTeamName": "Moldova",
				"RatingScores": "8455"
			},
			{
				"Dress": "N010311",
				"LeagueId": "96",
				"NationalTeamID": "3166",
				"NationalTeamName": "Panama",
				"RatingScores": "9901"
			},
			{
				"Dress": "A070407",
				"LeagueId": "7",
				"NationalTeamID": "3006",
				"NationalTeamName": "Argentina",
				"RatingScores": "24456"
			},
			{
				"Dress": "N010301",
				"LeagueId": "11",
				"NationalTeamID": "3022",
				"NationalTeamName": "Danmark",
				"RatingScores": "16944"
			},
			{
				"Dress": "N030201",
				"LeagueId": "62",
				"NationalTeamID": "3106",
				"NationalTeamName": "Bulgaria",
				"RatingScores": "20217"
			},
			{
				"Dress": "H030202",
				"LeagueId": "64",
				"NationalTeamID": "3110",
				"NationalTeamName": "Slovenija",
				"RatingScores": "6764"
			},
			{
				"Dress": "N010101",
				"LeagueId": "138",
				"NationalTeamID": "3238",
				"NationalTeamName": "Prateh Kampuchea",
				"RatingScores": "10724"
			},
			{
				"Dress": "G191919",
				"LeagueId": "101",
				"NationalTeamID": "3174",
				"NationalTeamName": "Malta",
				"RatingScores": "12603"
			},
			{
				"Dress": "N070303",
				"LeagueId": "63",
				"NationalTeamID": "3108",
				"NationalTeamName": "Israel",
				"RatingScores": "21870"
			},
			{
				"Dress": "N050403",
				"LeagueId": "56",
				"NationalTeamID": "3086",
				"NationalTeamName": "Eesti",
				"RatingScores": "22832"
			},
			{
				"Dress": "A020202",
				"LeagueId": "75",
				"NationalTeamID": "3126",
				"NationalTeamName": "Nigeria",
				"RatingScores": "21388"
			},
			{
				"Dress": "G050305",
				"LeagueId": "38",
				"NationalTeamID": "3021",
				"NationalTeamName": "Ísland",
				"RatingScores": "15923"
			},
			{
				"Dress": "N190503",
				"LeagueId": "18",
				"NationalTeamID": "3026",
				"NationalTeamName": "Chile",
				"RatingScores": "23444"
			},
			{
				"Dress": "N010305",
				"LeagueId": "52",
				"NationalTeamID": "3090",
				"NationalTeamName": "Česko",
				"RatingScores": "21211"
			},
			{
				"Dress": "E030103",
				"LeagueId": "24",
				"NationalTeamID": "3029",
				"NationalTeamName": "Polska",
				"RatingScores": "16950"
			},
			{
				"Dress": "C030206",
				"LeagueId": "121",
				"NationalTeamID": "3198",
				"NationalTeamName": "Senegal",
				"RatingScores": "8211"
			},
			{
				"Dress": "N010101",
				"LeagueId": "44",
				"NationalTeamID": "3037",
				"NationalTeamName": "Belgium",
				"RatingScores": "25885"
			},
			{
				"Dress": "N010201",
				"LeagueId": "25",
				"NationalTeamID": "3014",
				"NationalTeamName": "Portugal",
				"RatingScores": "17721"
			},
			{
				"Dress": "N011111",
				"LeagueId": "36",
				"NationalTeamID": "3035",
				"NationalTeamName": "España",
				"RatingScores": "29100"
			},
			{
				"Dress": "H200420",
				"LeagueId": "94",
				"NationalTeamID": "3160",
				"NationalTeamName": "Jamaica",
				"RatingScores": "13089"
			},
			{
				"Dress": "N190419",
				"LeagueId": "98",
				"NationalTeamID": "3178",
				"NationalTeamName": "Shqiperia",
				"RatingScores": "10821"
			},
			{
				"Dress": "G070705",
				"LeagueId": "20",
				"NationalTeamID": "3027",
				"NationalTeamName": "India",
				"RatingScores": "10973"
			},
			{
				"Dress": "D030103",
				"LeagueId": "91",
				"NationalTeamID": "3156",
				"NationalTeamName": "Belarus",
				"RatingScores": "16620"
			},
			{
				"Dress": "N020302",
				"LeagueId": "21",
				"NationalTeamID": "3012",
				"NationalTeamName": "Ireland",
				"RatingScores": "19882"
			},
			{
				"Dress": "H141414",
				"LeagueId": "74",
				"NationalTeamID": "3130",
				"NationalTeamName": "Bolivia",
				"RatingScores": "14420"
			},
			{
				"Dress": "N010101",
				"LeagueId": "59",
				"NationalTeamID": "3102",
				"NationalTeamName": "Hong Kong",
				"RatingScores": "9023"
			},
			{
				"Dress": "N160316",
				"LeagueId": "125",
				"NationalTeamID": "3210",
				"NationalTeamName": "Cabo Verde",
				"RatingScores": "5611"
			},
			{
				"Dress": "N010101",
				"LeagueId": "34",
				"NationalTeamID": "3034",
				"NationalTeamName": "China",
				"RatingScores": "14086"
			},
			{
				"Dress": "K030303",
				"LeagueId": "23",
				"NationalTeamID": "3013",
				"NationalTeamName": "Perú",
				"RatingScores": "16591"
			},
			{
				"Dress": "N060206",
				"LeagueId": "66",
				"NationalTeamID": "3113",
				"NationalTeamName": "Lietuva",
				"RatingScores": "19952"
			},
			{
				"Dress": "N030503",
				"LeagueId": "2",
				"NationalTeamID": "3001",
				"NationalTeamName": "England",
				"RatingScores": "16427"
			},
			{
				"Dress": "G050503",
				"LeagueId": "69",
				"NationalTeamID": "3112",
				"NationalTeamName": "Bosna i Hercegovina",
				"RatingScores": "14323"
			},
			{
				"Dress": "N010501",
				"LeagueId": "30",
				"NationalTeamID": "3032",
				"NationalTeamName": "Hanguk",
				"RatingScores": "13448"
			},
			{
				"Dress": "B110511",
				"LeagueId": "99",
				"NationalTeamID": "3170",
				"NationalTeamName": "Honduras",
				"RatingScores": "7486"
			},
			{
				"Dress": "N010302",
				"LeagueId": "51",
				"NationalTeamID": "3082",
				"NationalTeamName": "Magyarország",
				"RatingScores": "6850"
			},
			{
				"Dress": "N000000",
				"LeagueId": "145",
				"NationalTeamID": "3260",
				"NationalTeamName": "O'zbekiston",
				"RatingScores": "8832"
			},
			{
				"Dress": "N090303",
				"LeagueId": "29",
				"NationalTeamID": "3016",
				"NationalTeamName": "Venezuela",
				"RatingScores": "6292"
			},
			{
				"Dress": "N010301",
				"LeagueId": "61",
				"NationalTeamID": "3104",
				"NationalTeamName": "Cymru",
				"RatingScores": "9708"
			},
			{
				"Dress": "K020201",
				"LeagueId": "144",
				"NationalTeamID": "3251",
				"NationalTeamName": "Dhivehi Raajje",
				"RatingScores": "12074"
			},
			{
				"Dress": "N010401",
				"LeagueId": "102",
				"NationalTeamID": "3172",
				"NationalTeamName": "Kyrgyzstan",
				"RatingScores": "8486"
			},
			{
				"Dress": "N030301",
				"LeagueId": "104",
				"NationalTeamID": "3182",
				"NationalTeamName": "Sakartvelo",
				"RatingScores": "9400"
			},
			{
				"Dress": "N010301",
				"LeagueId": "9",
				"NationalTeamID": "3008",
				"NationalTeamName": "Norge",
				"RatingScores": "10530"
			},
			{
				"Dress": "F010305",
				"LeagueId": "58",
				"NationalTeamID": "3088",
				"NationalTeamName": "Hrvatska",
				"RatingScores": "20752"
			},
			{
				"Dress": "N210501",
				"LeagueId": "73",
				"NationalTeamID": "3128",
				"NationalTeamName": "Ecuador",
				"RatingScores": "8491"
			},
			{
				"Dress": "N030501",
				"LeagueId": "81",
				"NationalTeamID": "3138",
				"NationalTeamName": "Costa Rica",
				"RatingScores": "5077"
			},
			{
				"Dress": "N200401",
				"LeagueId": "130",
				"NationalTeamID": "3222",
				"NationalTeamName": "Angola",
				"RatingScores": "22003"
			},
			{
				"Dress": "N050305",
				"LeagueId": "111",
				"NationalTeamID": "3190",
				"NationalTeamName": "Nicaragua",
				"RatingScores": "11259"
			},
			{
				"Dress": "N012101",
				"LeagueId": "70",
				"NationalTeamID": "3120",
				"NationalTeamName": "Việt Nam",
				"RatingScores": "9259"
			},
			{
				"Dress": "N061603",
				"LeagueId": "16",
				"NationalTeamID": "3024",
				"NationalTeamName": "Brasil",
				"RatingScores": "20177"
			},
			{
				"Dress": "N010307",
				"LeagueId": "84",
				"NationalTeamID": "3146",
				"NationalTeamName": "Lëtzebuerg",
				"RatingScores": "8702"
			},
			{
				"Dress": "N070404",
				"LeagueId": "28",
				"NationalTeamID": "3031",
				"NationalTeamName": "Uruguay",
				"RatingScores": "17157"
			},
			{
				"Dress": "N030501",
				"LeagueId": "35",
				"NationalTeamID": "3019",
				"NationalTeamName": "Rossiya",
				"RatingScores": "8552"
			},
			{
				"Dress": "K030505",
				"LeagueId": "72",
				"NationalTeamID": "3124",
				"NationalTeamName": "Paraguay",
				"RatingScores": "7636"
			},
			{
				"Dress": "N090309",
				"LeagueId": "53",
				"NationalTeamID": "3083",
				"NationalTeamName": "Latvija",
				"RatingScores": "20220"
			},
			{
				"Dress": "N110311",
				"LeagueId": "26",
				"NationalTeamID": "3030",
				"NationalTeamName": "Scotland",
				"RatingScores": "10935"
			},
			{
				"Dress": "N010101",
				"LeagueId": "140",
				"NationalTeamID": "3242",
				"NationalTeamName": "Suriyah",
				"RatingScores": "6378"
			},
			{
				"Dress": "N000000",
				"LeagueId": "148",
				"NationalTeamID": "3258",
				"NationalTeamName": "Palestine",
				"RatingScores": "10792"
			},
			{
				"Dress": "N040404",
				"LeagueId": "95",
				"NationalTeamID": "3162",
				"NationalTeamName": "Kenya",
				"RatingScores": "9464"
			},
			{
				"Dress": "N010503",
				"LeagueId": "57",
				"NationalTeamID": "3087",
				"NationalTeamName": "Srbija",
				"RatingScores": "25018"
			},
			{
				"Dress": "N030221",
				"LeagueId": "27",
				"NationalTeamID": "3015",
				"NationalTeamName": "South Africa",
				"RatingScores": "13401"
			},
			{
				"Dress": "N140302",
				"LeagueId": "71",
				"NationalTeamID": "3122",
				"NationalTeamName": "Pakistan",
				"RatingScores": "5399"
			},
			{
				"Dress": "N010106",
				"LeagueId": "97",
				"NationalTeamID": "3158",
				"NationalTeamName": "Severna Makedonija",
				"RatingScores": "6329"
			},
			{
				"Dress": "E020104",
				"LeagueId": "106",
				"NationalTeamID": "3180",
				"NationalTeamName": "Al Urdun",
				"RatingScores": "11325"
			},
			{
				"Dress": "N080208",
				"LeagueId": "126",
				"NationalTeamID": "3208",
				"NationalTeamName": "Côte d'Ivoire",
				"RatingScores": "10006"
			},
			{
				"Dress": "N010101",
				"LeagueId": "123",
				"NationalTeamID": "3214",
				"NationalTeamName": "Bahrain",
				"RatingScores": "7266"
			},
			{
				"Dress": "G210421",
				"LeagueId": "136",
				"NationalTeamID": "3234",
				"NationalTeamName": "Brunei",
				"RatingScores": "5444"
			},
			{
				"Dress": "N030201",
				"LeagueId": "77",
				"NationalTeamID": "3134",
				"NationalTeamName": "Al Maghrib",
				"RatingScores": "12337"
			},
			{
				"Dress": "I070706",
				"LeagueId": "112",
				"NationalTeamID": "3188",
				"NationalTeamName": "Kazakhstan",
				"RatingScores": "8773"
			},
			{
				"Dress": "K030514",
				"LeagueId": "8",
				"NationalTeamID": "3007",
				"NationalTeamName": "USA",
				"RatingScores": "20670"
			},
			{
				"Dress": "N060501",
				"LeagueId": "19",
				"NationalTeamID": "3011",
				"NationalTeamName": "Colombia",
				"RatingScores": "12651"
			},
			{
				"Dress": "K040420",
				"LeagueId": "143",
				"NationalTeamID": "3249",
				"NationalTeamName": "Uganda",
				"RatingScores": "11056"
			},
			{
				"Dress": "N060506",
				"LeagueId": "68",
				"NationalTeamID": "3118",
				"NationalTeamName": "Ukraina",
				"RatingScores": "9159"
			},
			{
				"Dress": "D010304",
				"LeagueId": "33",
				"NationalTeamID": "3018",
				"NationalTeamName": "Misr",
				"RatingScores": "4771"
			},
			{
				"Dress": "N040404",
				"LeagueId": "113",
				"NationalTeamID": "3192",
				"NationalTeamName": "Suriname",
				"RatingScores": "15299"
			},
			{
				"Dress": "N090903",
				"LeagueId": "141",
				"NationalTeamID": "3245",
				"NationalTeamName": "Dawlat Qatar",
				"RatingScores": "6001"
			},
			{
				"Dress": "N000000",
				"LeagueId": "146",
				"NationalTeamID": "3254",
				"NationalTeamName": "Cameroon",
				"RatingScores": "18132"
			},
			{
				"Dress": "G020302",
				"LeagueId": "79",
				"NationalTeamID": "3144",
				"NationalTeamName": "Saudi Arabia",
				"RatingScores": "9674"
			},
			{
				"Dress": "N030301",
				"LeagueId": "80",
				"NationalTeamID": "3148",
				"NationalTeamName": "Tounes",
				"RatingScores": "3372"
			},
			{
				"Dress": "N010101",
				"LeagueId": "134",
				"NationalTeamID": "3230",
				"NationalTeamName": "Oman",
				"RatingScores": "9904"
			},
			{
				"Dress": "N010301",
				"LeagueId": "120",
				"NationalTeamID": "3202",
				"NationalTeamName": "Lubnan",
				"RatingScores": "6921"
			},
			{
				"Dress": "N040404",
				"LeagueId": "124",
				"NationalTeamID": "3212",
				"NationalTeamName": "Barbados",
				"RatingScores": "12044"
			},
			{
				"Dress": "N030503",
				"LeagueId": "76",
				"NationalTeamID": "3132",
				"NationalTeamName": "Føroyar",
				"RatingScores": "13176"
			},
			{
				"Dress": "N020302",
				"LeagueId": "93",
				"NationalTeamID": "3164",
				"NationalTeamName": "Northern Ireland",
				"RatingScores": "6478"
			},
			{
				"Dress": "N030303",
				"LeagueId": "137",
				"NationalTeamID": "3236",
				"NationalTeamName": "Ghana",
				"RatingScores": "12469"
			},
			{
				"Dress": "N050505",
				"LeagueId": "55",
				"NationalTeamID": "3085",
				"NationalTeamName": "Pilipinas",
				"RatingScores": "8961"
			},
			{
				"Dress": "N010301",
				"LeagueId": "54",
				"NationalTeamID": "3084",
				"NationalTeamName": "Indonesia",
				"RatingScores": "8534"
			},
			{
				"Dress": "N212101",
				"LeagueId": "37",
				"NationalTeamID": "3020",
				"NationalTeamName": "România",
				"RatingScores": "19526"
			},
			{
				"Dress": "J051911",
				"LeagueId": "88",
				"NationalTeamID": "3152",
				"NationalTeamName": "República Dominicana",
				"RatingScores": "13115"
			},
			{
				"Dress": "G060303",
				"LeagueId": "89",
				"NationalTeamID": "3140",
				"NationalTeamName": "Cyprus",
				"RatingScores": "10278"
			},
			{
				"Dress": "K010301",
				"LeagueId": "47",
				"NationalTeamID": "3036",
				"NationalTeamName": "Singapore",
				"RatingScores": "7982"
			},
			{
				"Dress": "N050321",
				"LeagueId": "105",
				"NationalTeamID": "3186",
				"NationalTeamName": "Andorra",
				"RatingScores": "19649"
			},
			{
				"Dress": "N000000",
				"LeagueId": "147",
				"NationalTeamID": "3256",
				"NationalTeamName": "Cuba",
				"RatingScores": "14808"
			},
			{
				"Dress": "G070707",
				"LeagueId": "107",
				"NationalTeamID": "3184",
				"NationalTeamName": "Guatemala",
				"RatingScores": "17104"
			},
			{
				"Dress": "N020302",
				"LeagueId": "118",
				"NationalTeamID": "3196",
				"NationalTeamName": "Algérie",
				"RatingScores": "12700"
			},
			{
				"Dress": "N010304",
				"LeagueId": "133",
				"NationalTeamID": "3228",
				"NationalTeamName": "Al Yaman",
				"RatingScores": "11960"
			},
			{
				"Dress": "N050505",
				"LeagueId": "100",
				"NationalTeamID": "3168",
				"NationalTeamName": "El Salvador",
				"RatingScores": "10303"
			},
			{
				"Dress": "N050505",
				"LeagueId": "127",
				"NationalTeamID": "3220",
				"NationalTeamName": "Al Kuwayt",
				"RatingScores": "8693"
			},
			{
				"Dress": "N010101",
				"LeagueId": "110",
				"NationalTeamID": "3194",
				"NationalTeamName": "Trinidad & Tobago",
				"RatingScores": "10599"
			},
			{
				"Dress": "H202001",
				"LeagueId": "139",
				"NationalTeamID": "3240",
				"NationalTeamName": "Bénin",
				"RatingScores": "10308"
			},
			{
				"Dress": "N050105",
				"LeagueId": "117",
				"NationalTeamID": "3204",
				"NationalTeamName": "Liechtenstein",
				"RatingScores": "9100"
			},
			{
				"Dress": "F160511",
				"LeagueId": "15",
				"NationalTeamID": "3009",
				"NationalTeamName": "Oceania",
				"RatingScores": "11550"
			},
			{
				"Dress": "N010501",
				"LeagueId": "119",
				"NationalTeamID": "3200",
				"NationalTeamName": "Mongol Uls",
				"RatingScores": "9402"
			},
			{
				"Dress": "N050105",
				"LeagueId": "60",
				"NationalTeamID": "3100",
				"NationalTeamName": "Chinese Taipei",
				"RatingScores": "12481"
			},
			{
				"Dress": "N050305",
				"LeagueId": "22",
				"NationalTeamID": "3028",
				"NationalTeamName": "Nippon",
				"RatingScores": "8045"
			},
			{
				"Dress": "G050102",
				"LeagueId": "129",
				"NationalTeamID": "3218",
				"NationalTeamName": "Azərbaycan",
				"RatingScores": "14474"
			},
			{
				"Dress": "N010101",
				"LeagueId": "131",
				"NationalTeamID": "3226",
				"NationalTeamName": "Crna Gora",
				"RatingScores": "8924"
			},
			{
				"Dress": "N030303",
				"LeagueId": "128",
				"NationalTeamID": "3216",
				"NationalTeamName": "Al Iraq",
				"RatingScores": "9164"
			},
			{
				"Dress": "N010401",
				"LeagueId": "135",
				"NationalTeamID": "3232",
				"NationalTeamName": "Moçambique",
				"RatingScores": "5045"
			},
			{
				"Dress": "G040404",
				"LeagueId": "83",
				"NationalTeamID": "3142",
				"NationalTeamName": "United Arab Emirates",
				"RatingScores": "11641"
			},
			{
				"Dress": "I060406",
				"LeagueId": "45",
				"NationalTeamID": "3040",
				"NationalTeamName": "Malaysia",
				"RatingScores": "5545"
			},
			{
				"Dress": "K080501",
				"LeagueId": "122",
				"NationalTeamID": "3206",
				"NationalTeamName": "Hayastan",
				"RatingScores": "15902"
			},
			{
				"Dress": "N020301",
				"LeagueId": "6",
				"NationalTeamID": "3005",
				"NationalTeamName": "México",
				"RatingScores": "18092"
			},
			{
				"Dress": "N060606",
				"LeagueId": "31",
				"NationalTeamID": "3017",
				"NationalTeamName": "Prathet Thai",
				"RatingScores": "7767"
			},
			{
				"Dress": "N000000",
				"LeagueId": "149",
				"NationalTeamID": "3297",
				"NationalTeamName": "São Tomé e Príncipe",
				"RatingScores": "9809"
			},
			{
				"Dress": "N000000",
				"LeagueId": "151",
				"NationalTeamID": "3299",
				"NationalTeamName": "Comoros",
				"RatingScores": "8652"
			},
			{
				"Dress": "N000000",
				"LeagueId": "152",
				"NationalTeamID": "3300",
				"NationalTeamName": "Sri Lanka",
				"RatingScores": "11181"
			},
			{
				"Dress": "N000000",
				"LeagueId": "153",
				"NationalTeamID": "3301",
				"NationalTeamName": "Curaçao",
				"RatingScores": "7805"
			},
			{
				"Dress": "N000000",
				"LeagueId": "154",
				"NationalTeamID": "3302",
				"NationalTeamName": "Guam",
				"RatingScores": "10976"
			},
			{
				"Dress": "N000000",
				"LeagueId": "155",
				"NationalTeamID": "3303",
				"NationalTeamName": "RD Congo",
				"RatingScores": "10519"
			},
			{
				"Dress": "N000000",
				"LeagueId": "156",
				"NationalTeamID": "3298",
				"NationalTeamName": "Ītyōṗṗyā",
				"RatingScores": "6328"
			},
			{
				"Dress": "N000000",
				"LeagueId": "157",
				"NationalTeamID": "3304",
				"NationalTeamName": "Saint Vincent and the Grenadines",
				"RatingScores": "11611"
			},
			{
				"Dress": "N000000",
				"LeagueId": "158",
				"NationalTeamID": "3305",
				"NationalTeamName": "Belize",
				"RatingScores": "6746"
			},
			{
				"Dress": "N000000",
				"LeagueId": "159",
				"NationalTeamID": "3306",
				"NationalTeamName": "Madagasikara",
				"RatingScores": "6692"
			},
			{
				"Dress": "N000000",
				"LeagueId": "160",
				"NationalTeamID": "3307",
				"NationalTeamName": "Botswana",
				"RatingScores": "14085"
			},
			{
				"Dress": "N000000",
				"LeagueId": "161",
				"NationalTeamID": "3308",
				"NationalTeamName": "Myanmar",
				"RatingScores": "12180"
			},
			{
				"Dress": "N000000",
				"LeagueId": "162",
				"NationalTeamID": "3309",
				"NationalTeamName": "Zambia",
				"RatingScores": "9026"
			},
			{
				"Dress": "N000000",
				"LeagueId": "163",
				"NationalTeamID": "3310",
				"NationalTeamName": "San Marino",
				"RatingScores": "5143"
			},
			{
				"Dress": "N000000",
				"LeagueId": "164",
				"NationalTeamID": "3311",
				"NationalTeamName": "Haiti",
				"RatingScores": "7448"
			},
			{
				"Dress": "N000000",
				"LeagueId": "165",
				"NationalTeamID": "3312",
				"NationalTeamName": "Puerto Rico",
				"RatingScores": "5641"
			},
			{
				"Dress": "N000000",
				"LeagueId": "166",
				"NationalTeamID": "3313",
				"NationalTeamName": "Grenada",
				"RatingScores": "2378"
			},
			{
				"Dress": "N000000",
				"LeagueId": "167",
				"NationalTeamID": "3315",
				"NationalTeamName": "Burkina Faso",
				"RatingScores": "2894"
			},
			{
				"Dress": "N000000",
				"LeagueId": "168",
				"NationalTeamID": "3317",
				"NationalTeamName": "Nepal",
				"RatingScores": "4295"
			},
			{
				"Dress": "N000000",
				"LeagueId": "169",
				"NationalTeamID": "3319",
				"NationalTeamName": "Guyana",
				"RatingScores": "2563"
			},
			{
				"Dress": "N000000",
				"LeagueId": "170",
				"NationalTeamID": "3321",
				"NationalTeamName": "Tahiti",
				"RatingScores": "1688"
			},
			{
				"Dress": "N000000",
				"LeagueId": "171",
				"NationalTeamID": "3323",
				"NationalTeamName": "Guinée",
				"RatingScores": "2018"
			},
			{
				"Dress": "N000000",
				"LeagueId": "172",
				"NationalTeamID": "3325",
				"NationalTeamName": "Bahamas",
				"RatingScores": "618"
			},
			{
				"Dress": "N000000",
				"LeagueId": "173",
				"NationalTeamID": "3327",
				"NationalTeamName": "Rwanda",
				"RatingScores": "640"
			}
		],
		"UserID": "13992846",
		"UserSupporterTier": "diamond",
		"Version": "1.6"
	}
}
