{
	"links": [
		{
			"id": "homepage",
			"href": "https://foxtrick-ng.github.io/"
		},
		{
			"id": "hattrickForum",
			"href": "https://www.hattrick.org/goto.ashx?path=/Forum/Overview.aspx?v=0%26f=173635"
		}
	],
	"maintainers": [
		{
			"id": "8342420",
			"name": "ryanli"
		},
		{
			"id": "7776339",
			"name": "convincedd"
		},
		{
			"id": "8366392",
			"name": "LA-MJ"
		}
	],
	"developers": [
		{
			"id": "1270528",
			"name": "larsw84"
		},
		{
			"id": "2336766",
			"name": "spambot"
		},
		{
			"id": "7776339",
			"name": "convincedd"
		},
		{
			"id": "765274",
			"name": "taised"
		},
		{
			"id": "8378622",
			"name": "bummerland"
		},
		{
			"id": "3542943",
			"name": "Jestar"
		},
		{
			"id": "6228713",
			"name": "smates"
		},
		{
			"id": "3737795",
			"name": "OBarros"
		},
		{
			"id": "7409095",
			"name": "stephan57"
		},
		{
			"id": "637644",
			"name": "baumanns"
		},
		{
			"id": "4342858",
			"name": "ljushaff"
		},
		{
			"id": "8342420",
			"name": "ryanli"
		},
		{
			"id": "3410980",
			"name": "Aimo_Kanuuna"
		},
		{
			"id": "11335334",
			"name": "CatzHoek"
		},
		{
			"id": "8366392",
			"name": "LA-MJ"
		},
		{
			"id": "653581",
			"name": "CHPP-teles"
		},
		{
			"id": "10800601",
			"name": "Dantekavala"
		},
		{
			"id": "8107197",
			"name": "Greblys"
		}
	],
	"translations": [
		{
			"language": "Albanian",
			"translators": [
				{
					"id": "2090503",
					"name": "GM-Eagle"
				},
				{
					"id": "13121281",
					"name": "mustafashllaku"
				}
			]
		},
		{
			"language": "العربية (Arabic)",
			"translators": [
				{
					"id": "9311330",
					"name": "GM-OmaniMilani"
				},
				{
					"name": "krohige"
				}
			]
		},
		{
			"language": "Azərbaycanca",
			"translators": [
				{
					"id": "7564618",
					"name": "LA-Shamil"
				},
				{
					"id": "4417979",
					"name": "Aze-Maestro"
				},
				{
					"name": "Gülsüm"
				}
			]
		},
		{
			"language": "Български",
			"translators": [
				{
					"id": "1048018",
					"name": "Mod-ivo_stoyanov"
				},
				{
					"id": "1028143",
					"name": "kosio"
				},
				{
					"name": "dcholakov"
				},
				{
					"id": "192461",
					"name": "dedo_uluk"
				}
			]
		},
		{
			"language": "Bosnian",
			"translators": [
				{
					"id": "5345125",
					"name": "Mod-Marin"
				},
				{
					"id": "12387677",
					"name": "gomago"
				},
				{
					"id": "4342858",
					"name": "ljushaff"
				},
				{
					"name": "nermin83s"
				},
				{
					"id": "8795088",
					"name": "crta13"
				},
				{
					"name": "spajdrmen11"
				},
				{
					"id": "6263697",
					"name": "LA-Ron__Manager"
				}
			]
		},
		{
			"language": "Беларуская",
			"translators": [
				{
					"id": "1512628",
					"name": "LA-Stolik"
				}
			]
		},
		{
			"language": "Catalan",
			"translators": [
				{
					"id": "753905",
					"name": "carlesmu"
				},
				{
					"name": "traditore"
				},
				{
					"id": "13142222",
					"name": "crocach"
				}
			]
		},
		{
			"language": "Čeština",
			"translators": [
				{
					"id": "1132186",
					"name": "gucan"
				},
				{
					"id": "368411",
					"name": "Robin"
				},
				{
					"id": "6489521",
					"name": "turonhonza"
				}
			]
		},
		{
			"language": "Dansk",
			"translators": [
				{
					"id": "6779565",
					"name": "LasseSvendsen"
				},
				{
					"id": "1693272",
					"name": "Max_Schreck"
				},
				{
					"id": "4917179",
					"name": "Mygenfordt"
				}
			]
		},
		{
			"language": "Deutsch",
			"translators": [
				{
					"id": "2336766",
					"name": "spambot"
				},
				{
					"id": "7776339",
					"name": "convincedd"
				},
				{
					"id": "11335334",
					"name": "CatzHoek"
				},
				{
					"name": "LeSchmuh"
				},
				{
					"id": "4718113",
					"name": "ThomasR"
				},
				{
					"id": "11006315",
					"name": "timh1704"
				},
				{
					"id": "12960779",
					"name": "puttfarken"
				},
				{
					"id": "10613189",
					"name": "GM-Romanolus"
				},
				{
					"name": "fr02081975"
				},
				{
					"id": "1370102",
					"name": "iltios"
				}
			]
		},
		{
			"language": "English",
			"translators": [
				{
					"name": "VikingButtch"
				}
			]
		},
		{
			"language": "Ελληνικά (Greek)",
			"translators": [
				{
					"id": "5055092",
					"name": "GTTWINS"
				},
				{
					"id": "11749601",
					"name": "t54g05"
				},
				{
					"name": "GreenHattrick"
				},
				{
					"name": "GeorgeDoukas"
				},
				{
					"id": "5412818",
					"name": "gkon13"
				}
			]
		},
		{
			"language": "Español, España",
			"translators": [
				{
					"id": "6345528",
					"name": "franory"
				},
				{
					"id": "1957756",
					"name": "llramone_nonumber (lenry_luai)"
				},
				{
					"name": "PBotika"
				},
				{
					"name": "Ryo567"
				},
				{
					"id": "2391052",
					"name": "eyp (eyanez)"
				},
				{
					"id": "11935403",
					"name": "fondhaarp"
				}
			]
		},
		{
			"language": "Español, Latinoamericano",
			"translators": [
				{
					"id": "335181",
					"name": "Baler0"
				},
				{
					"id": "1957756",
					"name": "llramone_nonumber (lenry_luai)"
				}
			]
		},
		{
			"language": "Español, Rioplatense",
			"translators": [
				{
					"id": "335181",
					"name": "Baler0"
				},
				{
					"id": "6927256",
					"name": "ElChiquitin"
				},
				{
					"id": "8816281",
					"name": "margaale"
				},
				{
					"id": "1957756",
					"name": "llramone_nonumber (lenry_luai)"
				},
				{
					"id": "11551835",
					"name": "Lays"
				},
				{
					"id": "3885942",
					"name": "gnacho61"
				},
				{
					"name": "daniruts"
				}
			]
		},
		{
			"language": "Estonian",
			"translators": [
				{
					"id": "10438815",
					"name": "puuslik"
				},
				{
					"name": "turbatuli"
				}
			]
		},
		{
			"language": "Français",
			"translators": [
				{
					"id": "7409095",
					"name": "stephan57"
				},
				{
					"id": "9100817",
					"name": "davidatorus"
				},
				{
					"id": "8553822",
					"name": "armball"
				},
				{
					"id": "7137875",
					"name": "LA-IpEFiX"
				},
				{
					"id": "9607801",
					"name": "Kostitsyn46"
				}
			]
		},
		{
			"language": "Frysk",
			"translators": [
				{
					"id": "440454",
					"name": "Foppe-"
				}
			]
		},
		{
			"language": "فارسی (Persian)",
			"translators": [
				{
					"id": "9630939",
					"name": "Slash-ss"
				},
				{
					"id": "10038631",
					"name": "Mohammad-SE"
				},
				{
					"id": "9926153",
					"name": "ALIMALTIPO"
				},
				{
					"id": "10621734",
					"name": "dritte333"
				},
				{
					"id": "12326398",
					"name": "Dr-Jalal"
				}
			]
		},
		{
			"language": "Furlan",
			"translators": [
				{
					"id": "12593452",
					"name": "superbloomss"
				}
			]
		},
		{
			"language": "Galego",
			"translators": [
				{
					"id": "524111",
					"name": "Piper_101"
				},
				{
					"id": "2363296",
					"name": "OReiDasSachadas"
				},
				{
					"id": "11101114",
					"name": "aaa-aaa"
				},
				{
					"id": "2915990",
					"name": "GZ-grobas"
				},
				{
					"id": "2363296",
					"name": "Joe82"
				},
				{
					"id": "8725622",
					"name": "Mod-Cuchi (David M.)"
				}
			]
		},
		{
			"language": "Georgian",
			"translators": [
				{
					"id": "11817135",
					"name": "parjikia"
				},
				{
					"id": "10968856",
					"name": "serjhanti"
				},
				{
					"id": "9855688",
					"name": "Nika_Kvrivishvili"
				},
				{
					"id": "11988102",
					"name": "LA-levang"
				}
			]
		},
		{
			"language": "עברית (Hebrew)",
			"translators": [
				{
					"id": "716201",
					"name": "Mod-Transy"
				},
				{
					"id": "1425439",
					"name": "playMaker-"
				}
			]
		},
		{
			"language": "Hrvatski",
			"translators": [
				{
					"id": "3911874",
					"name": "mr_freez"
				},
				{
					"id": "2809993",
					"name": "GM-damyr"
				},
				{
					"id": "7230071",
					"name": "TheZayc"
				},
				{
					"id": "11758667",
					"name": "Alan_Smithee"
				},
				{
					"id": "3613658",
					"name": "LA-Iuve- (Fieras)"
				},
				{
					"name": "PBotika"
				},
				{
					"name": "FTorrez"
				},
				{
					"name": "lynkss"
				},
				{
					"name": "deda-cro"
				}
			]
		},
		{
			"language": "Hungarian",
			"translators": [
				{
					"id": "2172516",
					"name": "csajszi"
				},
				{
					"id": "9668661",
					"name": "dzsoo"
				},
				{
					"name": "montlikadani"
				}
			]
		},
		{
			"language": "Indonesian",
			"translators": [
				{
					"name": "yosua_k"
				},
				{
					"name": "zikraa"
				},
				{
					"name": "auliaramadhn"
				},
				{
					"name": "isfar"
				},
				{
					"name": "saifullah05"
				}
			]
		},
		{
			"language": "Íslenska",
			"translators": [
				{
					"id": "9930684",
					"name": "LA-LordBastard"
				}
			]
		},
		{
			"language": "Italiano",
			"translators": [
				{
					"id": "2902659",
					"name": "caracca"
				},
				{
					"id": "765274",
					"name": "taised"
				},
				{
					"id": "9559302",
					"name": "Sam-Vimes"
				},
				{
					"id": "10246801",
					"name": "silkevicious"
				},
				{
					"id": "11869364",
					"name": "LucaXVI"
				},
				{
					"name": "marcocara1"
				},
				{
					"id": "7967145",
					"name": "bigpapy"
				},
				{
					"id": "578992",
					"name": "dm001"
				}
			]
		},
		{
			"language": "日本語 (Japanese)",
			"translators": [
				{
					"name": "Skevevich_Onnaski"
				}
			]
		},
		{
			"language": "한국어 (Korean)",
			"translators": [
				{
					"id": "9845514",
					"name": "SI-CH"
				}
			]
		},
		{
			"language": "Latviešu",
			"translators": [
				{
					"id": "3955847",
					"name": "Unknown_Guy"
				},
				{
					"id": "6595557",
					"name": "edzus"
				},
				{
					"name": "pamiljans"
				}
			]
		},
		{
			"language": "Lithuanian",
			"translators": [
				{
					"id": "2765378",
					"name": "Mod-summercloud"
				},
				{
					"id": "8366392",
					"name": "LA-MJ"
				}
			]
		},
		{
			"language": "Luxembourgish",
			"translators": [
				{
					"id": "2884072",
					"name": "Mod-Karlthegreat"
				}
			]
		},
		{
			"language": "Macedonian",
			"translators": [
				{
					"id": "10562696",
					"name": "minskj"
				},
				{
					"id": "7439277",
					"name": "white_eagle"
				},
				{
					"id": "5193223",
					"name": "ironm"
				},
				{
					"name": "zoran100"
				}
			]
		},
		{
			"language": "Malti",
			"translators": [
				{
					"id": "4149232",
					"name": "LA-saviour26"
				},
				{
					"name": "steve007121"
				},
				{
					"name": "colinvella"
				}
			]
		},
		{
			"language": "Nederlands",
			"translators": [
				{
					"id": "5577946",
					"name": "eekels"
				},
				{
					"id": "7126492",
					"name": "CoRrRan"
				},
				{
					"id": "48207",
					"name": "stefkor"
				},
				{
					"id": "9253610",
					"name": "bloemetje"
				},
				{
					"id": "9367491",
					"name": "Domburg86"
				},
				{
					"id": "3455853",
					"name": "takiwakiu20"
				}
			]
		},
		{
			"language": "Norwegian, bokmål",
			"translators": [
				{
					"id": "6350285",
					"name": "Skoglund"
				},
				{
					"id": "1966508",
					"name": "SLV-Ferovejecs"
				},
				{
					"name": "skurkenmagnus"
				},
				{
					"name": "shop"
				},
				{
					"name": "borgstein"
				},
				{
					"id": "12449946",
					"name": "amundsoet"
				}
			]
		},
		{
			"language": "Norwegian, nynorsk",
			"translators": [
				{
					"id": "4387847",
					"name": "Krasher"
				},
				{
					"id": "12449946",
					"name": "amundsoet"
				}
			]
		},
		{
			"language": "Polski",
			"translators": [
				{
					"id": "6801903",
					"name": "Homzik"
				},
				{
					"id": "10167326",
					"name": "SilesiaVratislavia"
				},
				{
					"id": "1641271",
					"name": "jaymz"
				},
				{
					"name": "wyrzo1"
				},
				{
					"name": "BigFish"
				},
				{
					"name": "Diglize"
				},
				{
					"id": "4577648",
					"name": "ampulka"
				},
				{
					"id": "8190906",
					"name": "dxht-pawpol"
				}
			]
		},
		{
			"language": "Português",
			"translators": [
				{
					"id": "3961483",
					"name": "_recluso_"
				},
				{
					"id": "6307374",
					"name": "GM-ei04004"
				},
				{
					"id": "7135171",
					"name": "McTripas"
				},
				{
					"id": "9469076",
					"name": "MEO_Comandante"
				},
				{
					"id": "11703834",
					"name": "Estupor"
				},
				{
					"name": "Zeca_"
				},
				{
					"id": "1494131",
					"name": "a_cardoso (cachirro)"
				}
			]
		},
		{
			"language": "Português, Brasil",
			"translators": [
				{
					"id": "8277378",
					"name": "MarceloFBrandao"
				},
				{
					"id": "5547377",
					"name": "Mod-Guaipeca"
				},
				{
					"id": "12975827",
					"name": "MartinsPF"
				},
				{
					"id": "9724171",
					"name": "luizgrjr"
				}
			]
		},
		{
			"language": "Romanian",
			"translators": [
				{
					"id": "552640",
					"name": "slader"
				},
				{
					"id": "540775",
					"name": "aqualung01"
				},
				{
					"id": "11528071",
					"name": "Flatron"
				},
				{
					"id": "12533508",
					"name": "RoLitoral"
				},
				{
					"id": "8656808",
					"name": "horatiu_halmajan"
				}
			]
		},
		{
			"language": "Russian",
			"translators": [
				{
					"id": "621456",
					"name": "_KOHb_"
				}
			]
		},
		{
			"language": "Slovak",
			"translators": [
				{
					"id": "7873605",
					"name": "JAM3SoN"
				},
				{
					"id": "10942797",
					"name": "mrksik"
				},
				{
					"id": "7873658",
					"name": "apatka.21"
				},
				{
					"id": "9511330",
					"name": "vosco"
				},
				{
					"id": "9793408",
					"name": "LA-keebak"
				}
			]
		},
		{
			"language": "Slovenščina",
			"translators": [
				{
					"name": "zagec"
				},
				{
					"id": "11449158",
					"name": "brulcb"
				}
			]
		},
		{
			"language": "Srpski",
			"translators": [
				{
					"id": "4342858",
					"name": "ljushaff"
				}
			]
		},
		{
			"language": "Suomi",
			"translators": [
				{
					"id": "2689296",
					"name": "Pyntsa"
				},
				{
					"id": "6927256",
					"name": "ElChiquitin"
				},
				{
					"id": "7249130",
					"name": "Mod-kirjakas"
				},
				{
					"name": "tumbe"
				},
				{
					"name": "ripaldo"
				}
			]
		},
		{
			"language": "Svenska",
			"translators": [
				{
					"id": "12166",
					"name": "GM-murko"
				},
				{
					"id": "6680572",
					"name": "GM-Nanouk"
				},
				{
					"name": "TheBigM"
				}
			]
		},
		{
			"language": "Tiếng Việt",
			"translators": [
				{
					"id": "9372637",
					"name": "Murtagsh"
				},
				{
					"name": "thaitrunghieu"
				},
				{
					"name": "phatls"
				},
				{
					"name": "jarxhaushinka"
				},
				{
					"name": "fiira"
				}
			]
		},
		{
			"language": "Turkish",
			"translators": [
				{
					"name": "brauxx"
				},
				{
					"name": "FeritAkarsu"
				},
				{
					"name": "facha"
				},
				{
					"name": "ebitech"
				},
				{
					"name": "ufukfb"
				},
				{
					"name": "atakanoz"
				},
				{
					"name": "erhanoz"
				},
				{
					"name": "onurcan"
				},
				{
					"name": "wefayss"
				},
				{
					"name": "ycct"
				}
			]
		},
		{
			"language": "Ukrainian",
			"translators": [
				{
					"id": "4727906",
					"name": "Grif_07"
				},
				{
					"id": "8988135",
					"name": "vital.kpi"
				},
				{
					"name": "RNH"
				}
			]
		},
		{
			"language": "中文（简体） Chinese (Simplified)",
			"translators": [
				{
					"id": "8342420",
					"name": "ryanli"
				},
				{
					"id": "12378459",
					"name": "ASTND"
				},
				{
					"name": "alex_kunmy"
				},
				{
					"name": "myjourney"
				},
				{
					"name": "sandan"
				}
			]
		}
	],
	"designers": [
		{
			"id": "3410980",
			"name": "Aimo_Kanuuna"
		},
		{
			"id": "4416087",
			"name": "ratsrats"
		}
	],
	"donators": [
		{
			"id": "8190906",
			"name": "dxht-pawpol"
		},
		{
			"id": "10808283",
			"name": "ypo333"
		},

		{
			"id": "10357856",
			"name": "rattlerx"
		},
		{
			"id": "339156",
			"name": "GM-Crosswind"
		},
		{
			"id": "9100817",
			"name": "DavidatorusF"
		},
		{
			"id": "9786585",
			"name": "dual-core"
		},

		{
			"id": "9577400",
			"name": "HighJahMan"
		},
		{
			"id": "3013185",
			"name": "AfroSeb"
		},
		{
			"id": "343470",
			"name": "another"
		},

		{
			"id": "7865524",
			"name": "Dovco_HandF"
		},
		{
			"id": "11386166",
			"name": "FloZorgo"
		},
		{
			"id": "4149601",
			"name": "Triplex1963"
		},
		{
			"id": "4963483",
			"name": "Maske"
		},
		{
			"id": "7517447",
			"name": "LeBridge-PDM"
		},
		{
			"id": "9779968",
			"name": "deliomnes"
		},
		{
			"id": "11650318",
			"name": "GikuHTR"
		},

		{
			"id": "48207",
			"name": "stefkor"
		},

		{
			"id": "10380313",
			"name": "pinkusachi"
		},
		{
			"id": "11367759",
			"name": "aeropaddy"
		},
		{
			"id": "9052209",
			"name": "Everthon"
		},

		{
			"id": "98655",
			"name": "Petrovitsj"
		},
		{
			"id": "916222",
			"name": "_Domingo"
		},
		{
			"id": "1528065",
			"name": "kupteri"
		},
		{
			"id": "1806088",
			"name": "GeissbockHennes"
		},
		{
			"id": "1883959",
			"name": "Kundiman"
		},
		{
			"id": "2068162",
			"name": "-koen-"
		},
		{
			"id": "2178948",
			"name": "stuhlgang"
		},
		{
			"id": "2787409",
			"name": "gia73"
		},
		{
			"id": "3150937",
			"name": "Hidetoschi"
		},
		{
			"id": "3499253",
			"name": "Gambit"
		},
		{
			"id": "3967774",
			"name": "tmace85"
		},
		{
			"id": "4451958",
			"name": "Fangio"
		},
		{
			"id": "7730271",
			"name": "wildgoose"
		},
		{
			"id": "8782191",
			"name": "Rustyjack"
		},
		{
			"id": "8919275",
			"name": "Leymi"
		},
		{
			"id": "10491436",
			"name": "flight_of_icarus"
		},
		{
			"id": "10680966",
			"name": "vegar56"
		},
		{
			"id": "11017062",
			"name": "DDriver"
		},
		{
			"id": "11793121",
			"name": "neandertal"
		},
		{
			"id": "12068053",
			"name": "Sellas"
		},
		{
			"id": "12538647",
			"name": "Red-J0hn"
		},
		{
			"id": "12966867",
			"name": "ExpatU"
		},
		{
			"id": "13102527",
			"name": "TomTrader"
		},

		{
			"id": "7973946",
			"name": "Steo1968"
		},
		{
			"id": "335181",
			"name": "Baler0"
		},
		{
			"id": "410541",
			"name": "ice21sui"
		},
		{
			"id": "569551",
			"name": "Bentstein"
		},
		{
			"id": "12220830",
			"name": "Alienjake"
		},
		{
			"id": "12903605",
			"name": "1910pauli1910"
		},
		{
			"id": "6559512",
			"name": "_112_"
		},
		{
			"id": "7269920",
			"name": "TheChef-GIGA"
		},
		{
			"id": "13209572",
			"name": "-Pecu-"
		},
		{
			"id": "8209901",
			"name": "fitzstudio"
		},

		{
			"id": "32722",
			"name": "FaderMerrin"
		},
		{
			"id": "50011",
			"name": "Wilbor"
		},
		{
			"id": "54496",
			"name": "Svennisson"
		},
		{
			"id": "80899",
			"name": "steelbow"
		},
		{
			"id": "235470",
			"name": "Kalle0708"
		},
		{
			"id": "245173",
			"name": "Dikkiedick"
		},
		{
			"id": "322381",
			"name": "Maik-2000"
		},
		{
			"id": "389027",
			"name": "Kramp"
		},
		{
			"id": "1140197",
			"name": "schmidde"
		},
		{
			"id": "1230839",
			"name": "hetekroket"
		},
		{
			"id": "1360148",
			"name": "Stipe_GAK"
		},
		{
			"id": "1397713",
			"name": "VvJ-Beckham"
		},
		{
			"id": "1748351",
			"name": "Achim81"
		},
		{
			"id": "1811094",
			"name": "stratoulis"
		},
		{
			"id": "2029812",
			"name": "Presida"
		},
		{
			"id": "2117265",
			"name": "Regador"
		},
		{
			"id": "2398346",
			"name": "CarlesWhisper"
		},
		{
			"id": "2724749",
			"name": "CarryOn"
		},
		{
			"id": "3417036",
			"name": "Chemii"
		},
		{
			"id": "3639672",
			"name": "Balkankoenig"
		},
		{
			"id": "4418737",
			"name": "Che-Gi"
		},
		{
			"id": "4476273",
			"name": "fbog31"
		},
		{
			"id": "4666835",
			"name": "Ermezzo"
		},
		{
			"id": "4736512",
			"name": "Korrigan"
		},
		{
			"id": "5932699",
			"name": "DenTavse"
		},
		{
			"id": "6895080",
			"name": "sardinablu"
		},
		{
			"id": "6977975",
			"name": "cicix-GIGA"
		},
		{
			"id": "7197589",
			"name": "il-padrone"
		},
		{
			"id": "7445196",
			"name": "Franz-Kremer"
		},
		{
			"id": "7455307",
			"name": "Vendragon"
		},
		{
			"id": "7611458",
			"name": "geboren1948"
		},
		{
			"id": "8179870",
			"name": "Rummm"
		},
		{
			"id": "9466227",
			"name": "Mod-thom_raindog"
		},
		{
			"id": "9474452",
			"name": "Zami1981"
		},
		{
			"id": "9531623",
			"name": "J_Bax"
		},
		{
			"id": "9832269",
			"name": "bigbird"
		},
		{
			"id": "10330011",
			"name": "holyoli"
		},
		{
			"id": "10344768",
			"name": "raetselecke"
		},
		{
			"id": "10354068",
			"name": "gtavo"
		},
		{
			"id": "10403021",
			"name": "luigimonte"
		},
		{
			"id": "10511346",
			"name": "AH-galla"
		},
		{
			"id": "10537236",
			"name": "Clepto"
		},
		{
			"id": "10763413",
			"name": "h-b-o"
		},
		{
			"id": "11320073",
			"name": "Dr_Fleischwolf"
		},
		{
			"id": "11525655",
			"name": "brutuscat"
		},
		{
			"id": "11749650",
			"name": "Elle2-GIGA"
		},
		{
			"id": "11765709",
			"name": "visviva"
		},
		{
			"id": "11792210",
			"name": "himbeerkracherl"
		},
		{
			"id": "12058681",
			"name": "robertkr"
		},
		{
			"id": "12104313",
			"name": "royson3"
		},
		{
			"id": "12467052",
			"name": "Asterix71"
		},
		{
			"id": "12508540",
			"name": "Oppa-JoMar"
		},
		{
			"id": "12521069",
			"name": "EiCeKju"
		},
		{
			"id": "12605339",
			"name": "PhileasFogg"
		},
		{
			"id": "12605732",
			"name": "MaxCman"
		},
		{
			"id": "12685619",
			"name": "FRL12"
		},
		{
			"id": "12788724",
			"name": "jkers"
		},
		{
			"id": "12842434",
			"name": "darkrider2"
		},
		{
			"id": "12973873",
			"name": "Shantiboss"
		},
		{
			"id": "12990065",
			"name": "Lion_Holland"
		},
		{
			"id": "13001247",
			"name": "blu50_"
		},
		{
			"id": "13204824",
			"name": "ReeeN"
		}
	]
}
